<?xml version="1.0" encoding="UTF-8"?>
<project-private xmlns="http://www.netbeans.org/ns/project-private/1">
    <editor-bookmarks xmlns="http://www.netbeans.org/ns/editor-bookmarks/2" lastBookmarkId="0"/>
    <open-files xmlns="http://www.netbeans.org/ns/projectui-open-files/2">
        <group>
            <file>file:/C:/Users/Gabriel%20Kanalga/OneDrive%20-%20Kantonsschule%20Baden/BBB%20Jahr2/Lernatelier/Datenbank_lernatelier/src/datenbank_lernatelier/Datenbank_lernatelier/SignupController.java</file>
            <file>file:/C:/Users/Gabriel%20Kanalga/OneDrive%20-%20Kantonsschule%20Baden/BBB%20Jahr2/Lernatelier/Datenbank_lernatelier/src/datenbank_lernatelier/Datenbank_lernatelier/main.java</file>
            <file>file:/C:/Users/Gabriel%20Kanalga/OneDrive%20-%20Kantonsschule%20Baden/BBB%20Jahr2/Lernatelier/Datenbank_lernatelier/src/datenbank_lernatelier/Datenbank_lernatelier/FXMLDocumentController.java</file>
            <file>file:/C:/Users/Gabriel%20Kanalga/OneDrive%20-%20Kantonsschule%20Baden/BBB%20Jahr2/Lernatelier/Datenbank_lernatelier/src/Bilder/3ewEas.png</file>
            <file>file:/C:/Users/Gabriel%20Kanalga/OneDrive%20-%20Kantonsschule%20Baden/BBB%20Jahr2/Lernatelier/Datenbank_lernatelier/src/datenbank_lernatelier/Datenbank_lernatelier/game.fxml</file>
            <file>file:/C:/Users/Gabriel%20Kanalga/OneDrive%20-%20Kantonsschule%20Baden/BBB%20Jahr2/Lernatelier/Datenbank_lernatelier/src/datenbank_lernatelier/Datenbank_lernatelier/Login_datas.java</file>
            <file>file:/C:/Users/Gabriel%20Kanalga/OneDrive%20-%20Kantonsschule%20Baden/BBB%20Jahr2/Lernatelier/Datenbank_lernatelier/src/datenbank_lernatelier/Datenbank_lernatelier/MainController.java</file>
            <file>file:/C:/Users/Gabriel%20Kanalga/OneDrive%20-%20Kantonsschule%20Baden/BBB%20Jahr2/Lernatelier/Datenbank_lernatelier/src/datenbank_lernatelier/Datenbank_lernatelier/GameController.java</file>
        </group>
    </open-files>
</project-private>
